[
  {
    "id": "4a424fd9-f070-4546-a2f4-ac02b46ac080",
    "data": [
      {
        "text": "are you open ",
        "userDefined": false
      },
      {
        "text": "today",
        "meta": "@sys.ignore",
        "userDefined": false
      },
      {
        "text": "?",
        "userDefined": false
      }
    ],
    "isTemplate": false,
    "count": 0,
    "updated": 0
  },
  {
    "id": "f6215cc1-7c3f-4cb1-8e17-b6e7383f4f0f",
    "data": [
      {
        "text": "what are your business ours?",
        "userDefined": false
      }
    ],
    "isTemplate": false,
    "count": 0,
    "updated": 0
  },
  {
    "id": "e9826d54-206d-4589-a9fd-38d3eddd9ed4",
    "data": [
      {
        "text": "tell me your opening hours",
        "userDefined": false
      }
    ],
    "isTemplate": false,
    "count": 0,
    "updated": 0
  },
  {
    "id": "1611598a-34f9-421e-bdd6-0ea389106062",
    "data": [
      {
        "text": "When do you open?",
        "userDefined": false
      }
    ],
    "isTemplate": false,
    "count": 0,
    "updated": 0
  },
  {
    "id": "b375447c-7294-4056-9f83-f618ab4024c5",
    "data": [
      {
        "text": "What are your hours?",
        "userDefined": false
      }
    ],
    "isTemplate": false,
    "count": 0,
    "updated": 0
  },
  {
    "id": "a8014b48-c8c1-4d20-af44-9318a7256b3c",
    "data": [
      {
        "text": "How late are you open?",
        "userDefined": false
      }
    ],
    "isTemplate": false,
    "count": 0,
    "updated": 0
  }
]