[
  {
    "id": "f351a1c9-4494-4e02-b713-21db56fc569d",
    "data": [
      {
        "text": "Can you ",
        "userDefined": false
      },
      {
        "text": "service",
        "alias": "AppointmentType",
        "meta": "@AppointmentType",
        "userDefined": false
      },
      {
        "text": " my bike?",
        "userDefined": false
      }
    ],
    "isTemplate": false,
    "count": 0,
    "updated": 0
  },
  {
    "id": "b920adab-4068-42c2-bec6-57fc4d6821d8",
    "data": [
      {
        "text": "I need a ",
        "userDefined": false
      },
      {
        "text": "repair",
        "alias": "AppointmentType",
        "meta": "@AppointmentType",
        "userDefined": false
      },
      {
        "text": ".",
        "userDefined": false
      }
    ],
    "isTemplate": false,
    "count": 0,
    "updated": 0
  }
]