[
  {
    "id": "624b0595-d921-4af5-8726-912c6ac00c8d",
    "data": [
      {
        "text": "Can I setup an appointment to ",
        "userDefined": false
      },
      {
        "text": "service",
        "meta": "@sys.ignore",
        "userDefined": true
      },
      {
        "text": " my bike ",
        "userDefined": false
      },
      {
        "text": "tomorrow",
        "alias": "date",
        "meta": "@sys.date",
        "userDefined": false
      },
      {
        "text": " ",
        "userDefined": false
      },
      {
        "text": "at 2pm",
        "alias": "time",
        "meta": "@sys.time",
        "userDefined": false
      },
      {
        "text": "?",
        "userDefined": false
      }
    ],
    "isTemplate": false,
    "count": 0,
    "updated": 0
  },
  {
    "id": "9c61492a-376d-41de-a033-cedd0c752662",
    "data": [
      {
        "text": "Can you fix my ",
        "userDefined": false
      },
      {
        "text": "road bike",
        "meta": "@sys.ignore",
        "userDefined": false
      },
      {
        "text": "?",
        "userDefined": false
      }
    ],
    "isTemplate": false,
    "count": 0,
    "updated": 0
  },
  {
    "id": "87b3bd51-681f-4308-a23b-12b2f769ef9f",
    "data": [
      {
        "text": "Can I schedule service for ",
        "userDefined": false
      },
      {
        "text": "4pm",
        "alias": "time",
        "meta": "@sys.time",
        "userDefined": false
      },
      {
        "text": " ",
        "userDefined": false
      },
      {
        "text": "tomorrow",
        "alias": "date",
        "meta": "@sys.date",
        "userDefined": false
      },
      {
        "text": "?",
        "userDefined": false
      }
    ],
    "isTemplate": false,
    "count": 0,
    "updated": 0
  },
  {
    "id": "5b13325f-d354-4f56-b9da-e2a6ea970751",
    "data": [
      {
        "text": "My bike is broken",
        "userDefined": false
      }
    ],
    "isTemplate": false,
    "count": 0,
    "updated": 0
  },
  {
    "id": "a3dc7d4b-229f-441c-a156-e06e3d0dcf32",
    "data": [
      {
        "text": "I have a ",
        "userDefined": false
      },
      {
        "text": "mountain bike",
        "meta": "@sys.ignore",
        "userDefined": true
      },
      {
        "text": " that needs servicing",
        "userDefined": false
      }
    ],
    "isTemplate": false,
    "count": 0,
    "updated": 0
  },
  {
    "id": "794e3706-5006-4cab-83c3-256b44efc5b8",
    "data": [
      {
        "text": "I\u0027d like to get my bike fixed",
        "userDefined": false
      }
    ],
    "isTemplate": false,
    "count": 0,
    "updated": 0
  },
  {
    "id": "d3388a63-89e2-4262-ac56-a5f3e970884d",
    "data": [
      {
        "text": "I\u0027d like to schedule an appointment for ",
        "userDefined": false
      },
      {
        "text": "next Thursday",
        "alias": "date",
        "meta": "@sys.date",
        "userDefined": false
      }
    ],
    "isTemplate": false,
    "count": 0,
    "updated": 0
  }
]